ID,Nombre,Nota Mayor,Nota Menor,Promedio,Estado
1,rei,52.0,42.0,48.666666666666664,Aprobado
2,rei,52.0,42.0,48.666666666666664,Aprobado
3,rei,52.0,42.0,48.666666666666664,Aprobado
4,rei,52.0,42.0,48.666666666666664,Aprobado
5,rei,52.0,42.0,48.666666666666664,Aprobado
6,rei,52.0,42.0,48.666666666666664,Aprobado
7,rei,52.0,42.0,48.666666666666664,Aprobado
